{
  "dataset": "PneumoniaMNIST (MedMNIST v2, CC BY 4.0)",
  "n_test": 624,
  "prevalence": 0.625,
  "seeds": [
    42,
    43,
    44
  ],
  "epochs": 20,
  "device": "mps",
  "per_seed": [
    {
      "seed": 42,
      "best_val_loss": 0.08378151431679726,
      "auroc": 0.9670721016874864,
      "auprc": 0.9778976872031625,
      "accuracy": 0.9022435897435898
    },
    {
      "seed": 43,
      "best_val_loss": 0.0652157844354709,
      "auroc": 0.9590510628972169,
      "auprc": 0.9706716410202789,
      "accuracy": 0.8301282051282052
    },
    {
      "seed": 44,
      "best_val_loss": 0.07412286723653476,
      "auroc": 0.9658119658119658,
      "auprc": 0.9772679771671705,
      "accuracy": 0.8461538461538461
    }
  ],
  "over_seeds_mean_sd": {
    "auroc": {
      "mean": 0.9639783767988898,
      "sd": 0.004313444368530459
    },
    "auprc": {
      "mean": 0.9752791017968706,
      "sd": 0.004002581015823499
    },
    "accuracy": {
      "mean": 0.859508547008547,
      "sd": 0.03786711238984461
    }
  },
  "ensemble": {
    "auroc": 0.9692746000438308,
    "auprc": 0.9799222049823718,
    "accuracy": 0.8621794871794872,
    "auroc_ci95": [
      0.9562097631024882,
      0.9804276248254906
    ],
    "auprc_ci95": [
      0.9702890781685168,
      0.9879893712608568
    ],
    "bootstrap_n": 2000
  },
  "training_curves_val_loss": {
    "42": [
      0.9793151418368021,
      0.20848381519317627,
      0.1893623818953832,
      0.15715555349985758,
      0.2274337261915207,
      0.12839874625205994,
      0.11944864441951115,
      0.13185505320628485,
      0.19448963552713394,
      0.11741252119342487,
      0.09692255531748135,
      0.08734221383929253,
      0.31568093101183575,
      0.08652353162566821,
      0.08378151431679726,
      0.09906677653392156,
      0.1615418940782547,
      0.09189953717092673,
      0.3887490580479304,
      0.44324056307474774
    ],
    "43": [
      0.8056345184644064,
      0.19099182387193045,
      0.14053024848302206,
      0.112876757979393,
      0.17773802330096564,
      0.12207907189925511,
      0.19170796126127243,
      0.08968797822793324,
      0.0894304985801379,
      0.18567962447802225,
      0.08465720464785893,
      0.2020947386821111,
      0.19814109802246094,
      0.0652157844354709,
      0.2475939691066742,
      0.07351629808545113,
      0.23795299232006073,
      0.5371175706386566,
      0.06914668406049411,
      0.27798571189244586
    ],
    "44": [
      0.9174423019091288,
      0.259190301100413,
      0.22067827979723612,
      0.22336412966251373,
      0.11001744369665782,
      0.25690291821956635,
      0.0942540317773819,
      0.16236324856678644,
      0.07412286723653476,
      0.24465034902095795,
      0.11602003127336502,
      0.13232094049453735,
      2.726447820663452,
      0.07698906461397807,
      0.20516974230607352,
      0.08767352563639481,
      0.38048461079597473,
      0.4075094262758891,
      0.4158811370531718,
      0.35594622294108075
    ]
  }
}